Product Name,Price (₹),Rating,Number of Reviews
"Samsung Galaxy M35 5G (Thunder Grey,6GB RAM,128GB Storage)| Corning Gorilla Glass Victus+| AnTuTu Score 595K+ | Vapour Cooling Chamber | 6000mAh Battery | 120Hz Super AMOLED Display| Without Charger",14998,4.1,No Reviews
"iQOO Z9s 5G (Onyx Green, 8GB RAM, 256GB Storage) | 120 Hz 3D Curved AMOLED Display | 5500 mAh Ultra-Thin Battery | Dimesity 7300 5G Processor | Sony IMX882 OIS Camera with Aura Light",21999,4.3,No Reviews
"Samsung Galaxy M05 (Mint Green, 4GB RAM, 64 GB Storage) | 50MP Dual Camera | Bigger 6.7"" HD+ Display | 5000mAh Battery | 25W Fast Charging | 2 Gen OS Upgrade & 4 Year Security Update | Without Charger",6498,4.0,No Reviews
POCO C61 Diamond Dust Black 4GB RAM 64GB ROM,5899,3.8,No Reviews
"Motorola G45 5G (Brilliant Blue, 8GB RAM, 128GB Storage)",12490,4.0,No Reviews
"realme NARZO 70 Turbo 5G (Turbo Purple,8GB RAM,128GB Storage) | Segment's Fastest Dimensity 7300 Energy 5G Chipset | Motorsports Inspired Design",16999,4.1,No Reviews
"Infinix Smart 9 HD (Mint Green, 64 GB) (3 GB RAM)",6775,4.0,No Reviews
"realme NARZO N61 (Voyage Blue,6GB RAM+128GB Storage) 90Hz Eye Comfort Display | IP54 Dust & Water Resistance | 48-Month Fluency | Charger in The Box",8498,4.0,No Reviews
"Samsung Galaxy M35 5G (Thunder Grey,6GB RAM,128GB Storage)| Corning Gorilla Glass Victus+| AnTuTu Score 595K+ | Vapour Cooling Chamber | 6000mAh Battery | 120Hz Super AMOLED Display| Without Charger",14998,4.1,No Reviews
"realme NARZO N61 (Voyage Blue,4GB RAM+64GB Storage) 90Hz Eye Comfort Display | IP54 Dust & Water Resistance | 48-Month Fluency | Charger in The Box",7498,4.0,No Reviews
"iQOO Z9x 5G (Tornado Green, 6GB RAM, 128GB Storage) | Snapdragon 6 Gen 1 with 560k+ AnTuTu Score | 6000mAh Battery with 7.99mm Slim Design | 44W FlashCharge",11999,4.2,No Reviews
"Redmi A4 5G (Starry Black, 4GB RAM, 128GB Storage) | Global Debut SD 4s Gen 2 | Segment Largest 6.88in 120Hz | 50MP Dual Camera | 18W Fast Charging",9499,4.0,No Reviews
"Vivo T3 Lite 5G Smartphone (Vibrant Green, 6GB Ram 128GB Storage)",11989,3.7,No Reviews
"Vivo T3 Lite 5G Smartphone (Vibrant Green, 4GB Ram 128GB Storage)",10198,3.9,No Reviews
"Vivo Y19e (Majestic Green, 4GB RAM, 64GB Storage) with No Cost EMI/Additional Exchange Offers | with Charger",7999,3.4,No Reviews
"Redmi 14C 5G (Stargaze Black, 6GB RAM, 128GB Storage) | Superfast 4nm Snapdragon 4 Gen 2 | 120Hz 17.47cm (6.88”) Display | 5160mAh Battery | 50MP Dual Camera | Premium Starlight Design",11498,3.8,No Reviews
POCO C61 Mystical Green 4GB RAM 64GB ROM,5899,4.0,No Reviews
"Redmi A4 5G (Starry Black, 4GB RAM, 128GB Storage) | Global Debut SD 4s Gen 2 | Segment Largest 6.88in 120Hz | 50MP Dual Camera | 18W Fast Charging",9499,4.0,No Reviews
"Motorola G35 5G (Leaf Green, 4GB RAM, 128GB Storage) | Ultra-Fast 5G Smartphone | 50MP AI Camera | 5000mAh Battery",10584,4.2,No Reviews
"realme NARZO N65 5G (Deep Green 6GB RAM, 128GB Storage) India's 1st D6300 5G Chipset | Ultra Slim Design | 120Hz Eye Comfort Display | 50MP AI Camera| Charger in The Box",12498,4.1,No Reviews
"Samsung Galaxy M06 5G (Sage Green, 6GB RAM, 128 GB Storage) | MediaTek Dimensity 6300 | AnTuTu Score 422K+ | 12 5G Bands| 25W Fast Charging | 4 Gen. of OS Upgrades | Without Charger",9999,3.7,No Reviews
"Samsung Galaxy S24 Ultra 5G AI Smartphone (Titanium Violet, 12GB, 256GB Storage)",93950,4.0,No Reviews
"iQOO Z9x 5G (Tornado Green, 6GB RAM, 128GB Storage) | Snapdragon 6 Gen 1 with 560k+ AnTuTu Score | 6000mAh Battery with 7.99mm Slim Design | 44W FlashCharge",11999,4.2,No Reviews
"Redmi A4 5G (Starry Black, 4GB RAM, 128GB Storage) | Global Debut SD 4s Gen 2 | Segment Largest 6.88in 120Hz | 50MP Dual Camera | 18W Fast Charging",9499,4.0,No Reviews
"iQOO Z9 Lite 5G (Mocha Brown, 4GB RAM, 128GB Storage) | Dimensity 6300 5G | 50MP Sony AI Camera | Charger in The Box",10498,4.1,No Reviews
"Samsung Galaxy A05 (Light Green, 6GB, 128GB Storage) | 50 MP Main Camera | Upto 12GB RAM with RAM Plus | MediaTek Helio G85 | 5000 mAh Battery",8879,3.8,No Reviews
"iQOO Z9 Lite 5G (Mocha Brown, 6GB RAM, 128GB Storage) | Dimensity 6300 5G | 50MP Sony AI Camera | Charger in The Box",11498,4.1,No Reviews
"Vivo Y29 5G (Glacier Blue, 6GB RAM, 128GB Storage) with No Cost EMI/Additional Exchange Offers",15499,4.0,No Reviews
SHIVANSH Mini 3inch Display Sized Smartphone 4G Android -2000mAh Battaery Small Mobile Phone (2GB RAM 16GB ROM)-Color Depend ON Stock,4440,2.5,No Reviews
"Nothing Phone (2a) 5G (Black, 8GB RAM, 128GB Storage) | 6.7"" AMOLED Display | 50MP (OIS) + 50 MP | 32 MP Front | Mediatek Dimensity 7200 Pro Processor | Glyph Interface | 45 W Charging 100% in 59 mins",17870,4.1,No Reviews
"iQOO Neo 10R 5G (Raging Blue, 8GB RAM, 128GB Storage) | Snapdragon 8s Gen 3 Processor | India's Slimmest 6400mAh Battery Smartphone | Segment's Most Stable 90FPS for 5 Hours",26998,4.4,No Reviews
POCO C61 Ethereal Blue 4GB RAM 64GB ROM,7999.,3.9,No Reviews
"Samsung Galaxy S24 Ultra 5G AI Smartphone (Titanium Violet, 12GB, 256GB Storage)",93950,4.0,No Reviews
"itel ZENO 10|6.6"" HD+ Display with Dynamic Bar| 3GB RAM + 64GB ROM, Upto 8GB RAM with Memory Fusion|Octacore Processor|8MP AI Dual Rear Cam|5000 mAh Battery | Phantom Crystal",5998,3.7,No Reviews
"Redmi A4 5G (Sparkle Purple, 4GB RAM, 64GB Storage) | Global Debut SD 4s Gen 2 | Segment Largest 6.88in 120Hz | 50MP Dual Camera | 18W Fast Charging",8499,4.0,No Reviews
"Samsung Galaxy A05 (Black, 6GB, 128GB Storage) | 50 MP Main Camera | Upto 12GB RAM with RAM Plus | MediaTek Helio G85 | 5000 mAh Battery",8836,3.8,No Reviews
"Vivo T3 Lite 5G Smartphone (Majestic Black, 6GB Ram 128GB Storage)",11624,3.9,No Reviews
"iQOO Neo 10R 5G (Moonknight Titanium, 8GB RAM, 256GB Storage) | Snapdragon 8s Gen 3 Processor | India's Slimmest 6400mAh Battery Smartphone | Segment's Most Stable 90FPS for 5 Hours",28998,4.4,No Reviews
"Motorola G64 5G (Ice Lilac, 12GB RAM, 256GB Storage) | Expandable Upto 2TB | Upto 24GB RAM with RAM Boost | 50MP (OIS) + 8MP | 16MP Front Camera | MediaTek Dimensity 7025 Processor | 6000 mAh Battery",16493,4.0,No Reviews
"iQOO Neo 10R 5G (Raging Blue, 8GB RAM, 256GB Storage) | Snapdragon 8s Gen 3 Processor | India's Slimmest 6400mAh Battery Smartphone | Segment's Most Stable 90FPS for 5 Hours",28998,4.4,No Reviews
"OnePlus Nord CE4 Lite 5G (Ultra Orange, 8GB RAM, 256GB Storage)",20998,4.1,No Reviews
"Redmi A4 5G (Starry Black, 4GB RAM, 64GB Storage) | Global Debut SD 4s Gen 2 | Segment Largest 6.88in 120Hz | 50MP Dual Camera | 18W Fast Charging",8499,4.0,No Reviews
"iQOO Z9s 5G (Onyx Green, 8GB RAM, 256GB Storage) | 120 Hz 3D Curved AMOLED Display | 5500 mAh Ultra-Thin Battery | Dimesity 7300 5G Processor | Sony IMX882 OIS Camera with Aura Light",21999,4.3,No Reviews
"Samsung Galaxy M06 5G (Blazing Black, 6GB RAM, 128 GB Storage) | MediaTek Dimensity 6300 | AnTuTu Score 422K+ | 12 5G Bands | 25W Fast Charging | 4 Gen. of OS Upgrades | Without Charger",9999,3.7,No Reviews
"iQOO Z9x 5G (Tornado Green, 6GB RAM, 128GB Storage) | Snapdragon 6 Gen 1 with 560k+ AnTuTu Score | 6000mAh Battery with 7.99mm Slim Design | 44W FlashCharge",11999,4.2,No Reviews
"Redmi Note 14 5G (Phantom Purple, 8GB RAM 128GB Storage) | Global Debut MTK Dimensity 7025 Ultra | 2100 nits Segment Brightest 120Hz AMOLED | 50MP Sony LYT 600 OIS+EIS Triple Camera",18998,3.8,No Reviews
"realme NARZO N61 (Marble Black,6GB RAM+128GB Storage) 90Hz Eye Comfort Display | IP54 Dust & Water Resistance | 48-Month Fluency | Charger in The Box",No Price,4.0,No Reviews
"realme narzo N53 (Feather Black, 4GB+64GB) 33W Segment Fastest Charging | Slim Smartphone | 90 Hz Smooth Display",7499,4.0,No Reviews
"Lava Gem Power Dual Sim Keypad Phone (2.8"" Display, Camera & Flash) | 2575mAh Smart AI Powerful Battery | Wireless FM & Recording | 7-Language Support| Stereo Speakers | Call Recording (Black Gold)",1664,3.9,No Reviews
"Vivo Y19e (Titanium Silver, 4GB RAM, 64GB Storage) with No Cost EMI/Additional Exchange Offers |with Charger",7999,3.4,No Reviews
"Samsung Galaxy A05 (Black, 6GB, 128GB Storage) | 50 MP Main Camera | Upto 12GB RAM with RAM Plus | MediaTek Helio G85 | 5000 mAh Battery",8836,3.8,No Reviews
"Samsung Galaxy M35 5G (Daybreak Blue,8GB RAM,256GB Storage)| Corning Gorilla Glass Victus+| AnTuTu Score 595K+ | Vapour Cooling Chamber | 6000mAh Battery | 120Hz Super AMOLED Display| Without Charger",19498,4.1,No Reviews
"iQOO Z9 Lite 5G (Mocha Brown, 4GB RAM, 128GB Storage) | Dimensity 6300 5G | 50MP Sony AI Camera | Charger in The Box",10498,4.1,No Reviews
"Motorola G64 5G (Ice Lilac, 12GB RAM, 256GB Storage) | Expandable Upto 2TB | Upto 24GB RAM with RAM Boost | 50MP (OIS) + 8MP | 16MP Front Camera | MediaTek Dimensity 7025 Processor | 6000 mAh Battery",16493,4.0,No Reviews
"Samsung Galaxy S24 Ultra 5G AI Smartphone (Titanium Violet, 12GB, 256GB Storage)",93950,4.0,No Reviews
"itel ZENO 10|6.6"" HD+ Display with Dynamic Bar| 4GB RAM +64GB ROM, Upto 12GB RAM with Memory Fusion|Octacore Processor|8MP AI Dual Rear Cam|5000 mAh Battery| Phantom Crystal",6498,3.7,No Reviews
"Vivo Y39 5G (Lotus Purple, 8GB RAM, 256GB Storage) with No Cost EMI/Additional Exchange Offers",18999,4.0,No Reviews
"realme 14x 5G Smartphone 8+128GB, 6.67-inch Screen, 120Hz Display, 6000mAh Battery, 80MP, MediaTek Dimensity 6300, ArmorShell Protection, IP69",15999,4.6,No Reviews
"iQOO Neo 10R 5G (Raging Blue, 8GB RAM, 128GB Storage) | Snapdragon 8s Gen 3 Processor | India's Slimmest 6400mAh Battery Smartphone | Segment's Most Stable 90FPS for 5 Hours",26998,4.4,No Reviews
"Redmi A4 5G (Sparkle Purple, 4GB RAM, 128GB Storage) | Global Debut SD 4s Gen 2 | Segment Largest 6.88in 120Hz | 50MP Dual Camera | 18W Fast Charging",9499,4.0,No Reviews
"Portronics MODESK Universal Mobile Holder Stand with Metal Body, Anti Skid Design, Light Weight for All Smartphones, Tablets, Kindle, iPad(Black)",119,4.2,No Reviews
"Vivo Y29 5G (Diamond Black, 6GB RAM, 128GB Storage) with No Cost EMI/Additional Exchange Offers",15499,4.0,No Reviews
"itel ZENO 10|6.6"" HD+ Display with Dynamic Bar| 3GB RAM + 64GB ROM, Upto 8GB RAM with Memory Fusion|Octacore Processor|8MP AI Dual Rear Cam|5000 mAh Battery | Phantom Crystal",5998,3.7,No Reviews
"iQOO Z9 Lite 5G (Aqua Flow, 6GB RAM, 128GB Storage) | Dimensity 6300 5G | 50MP Sony AI Camera | Charger in The Box",11498,4.1,No Reviews
"Samsung Galaxy M06 5G (Sage Green, 6GB RAM, 128 GB Storage) | MediaTek Dimensity 6300 | AnTuTu Score 422K+ | 12 5G Bands| 25W Fast Charging | 4 Gen. of OS Upgrades | Without Charger",9999,3.7,No Reviews
"iQOO Z9s 5G (Onyx Green, 8GB RAM, 256GB Storage) | 120 Hz 3D Curved AMOLED Display | 5500 mAh Ultra-Thin Battery | Dimesity 7300 5G Processor | Sony IMX882 OIS Camera with Aura Light",21999,4.3,No Reviews
"Redmi Note 14 5G (Titan Black, 6GB RAM 128GB Storage) | Global Debut MTK Dimensity 7025 Ultra | 2100 nits Segment Brightest 120Hz AMOLED | 50MP Sony LYT 600 OIS+EIS Triple Camera",17998,3.8,No Reviews
"itel ZENO 10|6.6"" HD+ Display with Dynamic Bar| 3GB RAM +64GB ROM, Upto 8GB RAM with Memory Fusion|Octacore Processor|8MP AI Dual Rear Cam|5000 mAh Battery| Opal Purple",5998,3.7,No Reviews
"Portronics MODESK Universal Mobile Holder Stand with Metal Body, Anti Skid Design, Light Weight for All Smartphones, Tablets, Kindle, iPad(Black)",119,4.2,No Reviews
"iQOO Z9s 5G (Titanium Matte, 8GB RAM, 128GB Storage) | 120 Hz 3D Curved AMOLED Display | 5500 mAh Ultra-Thin Battery | Dimesity 7300 5G Processor | Sony IMX882 OIS Camera with Aura Light",19999,4.3,No Reviews
"iQOO Z9 Lite 5G (Aqua Flow, 6GB RAM, 128GB Storage) | Dimensity 6300 5G | 50MP Sony AI Camera | Charger in The Box",11498,4.1,No Reviews
"Lava Gem 2025 Dual Sim Keypad Phone (2.8"" Display, Camera & Flash) | 2575mAh Smart AI Powerful Battery | Wireless FM & Recording | Stereo Speakers | Call Recording (Black Gold)",1538,3.0,No Reviews
"iQOO Z9x 5G (Storm Grey, 6GB RAM, 128GB Storage) | Snapdragon 6 Gen 1 with 560k+ AnTuTu Score | 6000mAh Battery with 7.99mm Slim Design | 44W FlashCharge",11999,4.2,No Reviews
"iQOO Neo 10R 5G (Raging Blue, 12GB RAM, 256GB Storage) | Snapdragon 8s Gen 3 Processor | India's Slimmest 6400mAh Battery Smartphone | Segment's Most Stable 90FPS for 5 Hours",30998,4.4,No Reviews
"iQOO Z9x 5G (Storm Grey, 4GB RAM, 128GB Storage) | Snapdragon 6 Gen 1 with 560k+ AnTuTu Score | 6000mAh Battery with 7.99mm Slim Design | 44W FlashCharge",10499,4.2,No Reviews
"Samsung Galaxy S24 FE 5G AI Smartphone (Graphite, 8GB RAM, 128GB Storage)",38179,3.9,No Reviews
"iQOO Z9s 5G (Onyx Green, 8GB RAM, 256GB Storage) | 120 Hz 3D Curved AMOLED Display | 5500 mAh Ultra-Thin Battery | Dimesity 7300 5G Processor | Sony IMX882 OIS Camera with Aura Light",21999,4.3,No Reviews
"iQOO Z9x 5G (Tornado Green, 6GB RAM, 128GB Storage) | Snapdragon 6 Gen 1 with 560k+ AnTuTu Score | 6000mAh Battery with 7.99mm Slim Design | 44W FlashCharge",11999,4.2,No Reviews
"Vivo Y29 5G (Diamond Black, 6GB RAM, 128GB Storage) with No Cost EMI/Additional Exchange Offers",15499,4.0,No Reviews
"realme GT 6T 5G (Fluid Silver,12GB RAM+256GB Storage) | India's 1st 7+ Gen 3 Flagship Chipset | 1.5M + AnTuTu Score | 5500mAh+120W | The World's Brightest Flagship Display",26998,4.3,No Reviews
"OnePlus Nord CE4 Lite 5G (Super Silver, 8GB RAM, 128GB Storage)",17998,4.1,No Reviews
"Samsung Galaxy M35 5G (Moonlight Blue,6GB RAM,128GB Storage)| Corning Gorilla Glass Victus+| AnTuTu Score 595K+ | Vapour Cooling Chamber | 6000mAh Battery | 120Hz Super AMOLED Display| Without Charger",14998,4.1,No Reviews
"Vivo Y39 5G (Lotus Purple, 8GB RAM, 256GB Storage) with No Cost EMI/Additional Exchange Offers",18999,4.0,No Reviews
"Motorola G45 5G (Brilliant Green, 8GB RAM, 128GB Storage) | 6.5"" FHD+ Display | Snapdragon 6 Gen1 Processor | 50MP Camera | 16MP Front Camera | 5000mAh Battery | 33W Charging",12490,3.8,No Reviews
"realme narzo N53 (Feather Black, 4GB+64GB) 33W Segment Fastest Charging | Slim Smartphone | 90 Hz Smooth Display",7499,4.0,No Reviews
"Itel Flip One | Leather Premium Design | Big 2.4"" Display | Dual SIM | Type-C USB Port | BT Caller | KingVoice | Light Blue",2499,3.4,No Reviews
"Redmi A4 5G (Sparkle Purple, 4GB RAM, 64GB Storage) | Global Debut SD 4s Gen 2 | Segment Largest 6.88in 120Hz | 50MP Dual Camera | 18W Fast Charging",8499,4.0,No Reviews
"Samsung Galaxy M06 5G (Sage Green, 6GB RAM, 128 GB Storage) | MediaTek Dimensity 6300 | AnTuTu Score 422K+ | 12 5G Bands| 25W Fast Charging | 4 Gen. of OS Upgrades | Without Charger",9999,3.7,No Reviews
"iQOO Z9x 5G (Tornado Green, 6GB RAM, 128GB Storage) | Snapdragon 6 Gen 1 with 560k+ AnTuTu Score | 6000mAh Battery with 7.99mm Slim Design | 44W FlashCharge",11999,4.2,No Reviews
"Redmi Note 14 5G (Titan Black, 6GB RAM 128GB Storage) | Global Debut MTK Dimensity 7025 Ultra | 2100 nits Segment Brightest 120Hz AMOLED | 50MP Sony LYT 600 OIS+EIS Triple Camera",17998,3.8,No Reviews
"iQOO Z9s 5G (Onyx Green, 8GB RAM, 256GB Storage) | 120 Hz 3D Curved AMOLED Display | 5500 mAh Ultra-Thin Battery | Dimesity 7300 5G Processor | Sony IMX882 OIS Camera with Aura Light",21999,4.3,No Reviews
"Kratos Power PQ2 Dual Port 12w Charger Adapter, 5V/2.4A Adapter Charger, Travel-Friendly Mobile Charger Adapter for Smartphones, Smartwaches, Earbuds & Other Gadgets,White",229,4.9,No Reviews
"Wipro 10A Wi-Fi Smart Plug with Universal socket | Energy Monitoring | Suitable for Small Appliances like TVs, Air purifiers, Kettles, Mobiles & Laptops | Scheduling | Voice Control | Pack of 4",3620,4.2,No Reviews
Qubo Smart 360 2K 3MP 1296p WiFi CCTV Security Camera from Hero Group | Mobile App | Two Way Talk | Night Vision | Cloud & SD Card Recording | Made in India | Alexa & OK Google | (3MP),1490,3.8,No Reviews
Qubo Smart 360 Ultra 2K 4MP 1440p WiFi CCTV Security Camera for Home from Hero Group | Mobile App | Two Way Talk | Night Vision | Cloud & SD Card Recording | Made in India | Alexa & OK Google |,2799,3.8,No Reviews
"iQOO Neo 10R 5G (Moonknight Titanium, 12GB RAM, 256GB Storage) | Snapdragon 8s Gen 3 Processor | India's Slimmest 6400mAh Battery Smartphone | Segment's Most Stable 90FPS for 5 Hours",30998,4.4,No Reviews
"Tecno POP 9 (Glittery White, 3GB+64GB) |India's 1st Mediatek G50 | IP54 Rated | IR Remote | Dual Speaker with DTS | 36 Month Lag Free Fluency | 15W Fast Charging Support | 5000 mAh Battery",6299,4.2,No Reviews
"Redmi A3X (Olive Green, 3GB RAM, 64GB Storage) | Premium Halo Design | 90Hz Display | Powerful Octa Core Processor",6100,3.8,No Reviews
"Samsung Galaxy S24 Ultra 5G AI Smartphone (Titanium Violet, 12GB, 256GB Storage)",93950,4.0,No Reviews
"Redmi A4 5G (Starry Black, 4GB RAM, 128GB Storage) | Global Debut SD 4s Gen 2 | Segment Largest 6.88in 120Hz | 50MP Dual Camera | 18W Fast Charging",9499,4.0,No Reviews
"Redmi 13 5G, Hawaiian Blue, 6GB+128GB | India Debut SD 4 Gen 2 AE | 108MP Pro Grade Camera | 6.79in Largest Display in Segment",12498,4.0,No Reviews
HUMBLE Universal Light Weight Stylus Pen for Smartphone/Tablet/iPad/iPhone/Android & All Touch Screen Devices with Fine Point Disc Tip & Magnetic Cap | Precise Tip for Drawing and Writing - White,249,5.0,No Reviews
"Redmi 13 5G, Black Diamond, 6GB+128GB | India Debut SD 4 Gen 2 AE | 108MP Pro Grade Camera | 6.79in Largest Display in Segment",12440,4.0,No Reviews
Micromax X1i Smart Plus - Black Red,999,3.3,No Reviews
"iQOO Z9x 5G (Storm Grey, 6GB RAM, 128GB Storage) | Snapdragon 6 Gen 1 with 560k+ AnTuTu Score | 6000mAh Battery with 7.99mm Slim Design | 44W FlashCharge",11999,4.2,No Reviews
"Lava O3 (Glossy Blue, 3 GB RAM, 64 GB Storage) | Biggest 6.75"" HD+ Display | 13MP AI Dual Rear Camera | 5000 mAh Battery | Secure Face Unlock | Fingerprint Reader | Charger & Phone-Cover in Box",5798,3.8,No Reviews
"Lava O3 (Glossy Lavender, 4 GB RAM, 64 GB Storage) | Biggest 6.75"" HD+ Display | 13MP AI Dual Rear Camera | 5000 mAh Battery | Secure Face Unlock | Fingerprint Reader | Charger & Phone-Cover in Box",6198,3.8,No Reviews
HUMBLE Universal Light Weight Stylus Pen for Smartphone/Tablet/iPad/iPhone/Android & All Touch Screen Devices with Fine Point Disc Tip & Magnetic Cap | Precise Tip for Drawing and Writing - Black,249,5.0,No Reviews
"Samsung Galaxy M06 5G (Blazing Black, 4GB RAM, 128 GB Storage) | MediaTek Dimensity 6300 | AnTuTu Score 422K+ | 12 5G Bands | 25W Fast Charging | 4 Gen. of OS Upgrades | Without Charger",8699,3.7,No Reviews
"Redmi 13 5G, Orchid Pink, 6GB+128GB | India Debut SD 4 Gen 2 AE | 108MP Pro Grade Camera | 6.79in Largest Display in Segment",12540,4.0,No Reviews
"iQOO Z9x 5G (Tornado Green, 6GB RAM, 128GB Storage) | Snapdragon 6 Gen 1 with 560k+ AnTuTu Score | 6000mAh Battery with 7.99mm Slim Design | 44W FlashCharge",11999,4.2,No Reviews
"Samsung Galaxy S24 Ultra 5G AI Smartphone (Titanium Black, 12GB, 256GB Storage)",93999,4.0,No Reviews
"Tecno POP 9 (Glittery White, 3GB+64GB) |India's 1st Mediatek G50 | IP54 Rated | IR Remote | Dual Speaker with DTS | 36 Month Lag Free Fluency | 15W Fast Charging Support | 5000 mAh Battery",6299,4.2,No Reviews
"realme 14x 5G Smartphone 8+128GB, 6.67-inch Screen, 120Hz Display, 6000mAh Battery, 80MP, MediaTek Dimensity 6300, ArmorShell Protection, IP69",15999,4.6,No Reviews
Stylus Pen for Android Tablet & iOS All Touchscreen Devices Capacitive Universal Smart Pen Pencil with Fine Point Disc Tip Lightweight Metal Body and Magnetic Cover for Mobile Phone iPad Tab - Black,249,4.1,No Reviews
"Kratos Power PQ2 Dual Port 12w Charger Adapter, 5V/2.4A Adapter Charger, Travel-Friendly Mobile Charger Adapter for Smartphones, Smartwaches, Earbuds & Other Gadgets,White",229,4.9,No Reviews
"Samsung Galaxy M06 5G (Sage Green, 6GB RAM, 128 GB Storage) | MediaTek Dimensity 6300 | AnTuTu Score 422K+ | 12 5G Bands| 25W Fast Charging | 4 Gen. of OS Upgrades | Without Charger",9999,3.7,No Reviews
Qubo Smart 360 Ultra 2K 4MP 1440p WiFi CCTV Security Camera for Home from Hero Group | Mobile App | Two Way Talk | Night Vision | Cloud & SD Card Recording | Made in India | Alexa & OK Google |,2799,3.8,No Reviews
HUMBLE Universal Light Weight Stylus Pen for Smartphone/Tablet/iPad/iPhone/Android & All Touch Screen Devices with Fine Point Disc Tip & Magnetic Cap | Precise Tip for Drawing and Writing - White,249,5.0,No Reviews
"Laptop Table Study Table Premium Foldable Wooden Mini Laptop Table for Bed, Smart Study Table with Drawer, Tablet/Mobile/Cup Holder for Kids & Adults <~> (COTTED~SPIDERMANS)",399,No Rating,No Reviews
"Samsung Galaxy S24 Ultra 5G AI Smartphone (Titanium Black, 12GB, 512GB Storage)",129999,4.4,No Reviews
"Redmi Note 14 5G (Mystique White, 8GB RAM 256GB Storage) | Global Debut MTK Dimensity 7025 Ultra | 2100 nits Segment Brightest 120Hz AMOLED | 50MP Sony LYT 600 OIS+EIS Triple Camera",20998,3.8,No Reviews
"Lava O3 Pro (Glossy Purple, 4 GB RAM, 128 GB Storage)| Bigger 6.56"" HD+ Display | 50 MP AI Triple Rear Camera | 8 MP Front Camera| 5000 mAh Battery | 10W Charging | Charger in Box",6998,4.0,No Reviews
"Redmi Note 14 5G (Titan Black, 8GB RAM 256GB Storage) | Global Debut MTK Dimensity 7025 Ultra | 2100 nits Segment Brightest 120Hz AMOLED | 50MP Sony LYT 600 OIS+EIS Triple Camera",20998,3.8,No Reviews
"Samsung Galaxy M35 5G (Daybreak Blue,6GB RAM,128GB Storage)| Corning Gorilla Glass Victus+| AnTuTu Score 595K+ | Vapour Cooling Chamber | 6000mAh Battery | 120Hz Super AMOLED Display| Without Charger",14998,4.1,No Reviews
Universal Smart Mobile Phone Case Holster Pouch Belt Clip Cases Waist Bag Pack for Mobile 6.8 inch Phone Holder - Black,590,3.8,No Reviews
"Nokia 2660 Flip 4G Volte keypad Phone with Dual SIM, Dual Screen, inbuilt MP3 Player & Wireless FM Radio | Black",4239,3.9,No Reviews
"JioPhone Prima 2 4G Keypad Phone with Premium Design, YouTube, JioTV, JioHotstar, JioSaavn, JioPay(UPI), Video Calling, LED Torch, Digital Cameras | Black | Locked for JioNetwork",2799,3.2,No Reviews
"INFINIX Smart 8 HD (Black, 64 GB) 3GB RAM (Timber Black)",No Price,3.9,No Reviews
"Samsung Galaxy M35 5G (Daybreak Blue,8GB RAM,128GB Storage)| Corning Gorilla Glass Victus+| AnTuTu Score 595K+ | Vapour Cooling Chamber | 6000mAh Battery | 120Hz Super AMOLED Display| Without Charger",16498,4.1,No Reviews
"Redmi A4 5G (Starry Black, 4GB RAM, 128GB Storage) | Global Debut SD 4s Gen 2 | Segment Largest 6.88in 120Hz | 50MP Dual Camera | 18W Fast Charging",9499,4.0,No Reviews
"Redmi 13 5G, Orchid Pink, 6GB+128GB | India Debut SD 4 Gen 2 AE | 108MP Pro Grade Camera | 6.79in Largest Display in Segment",12540,4.0,No Reviews
"iQOO Z9x 5G (Tornado Green, 6GB RAM, 128GB Storage) | Snapdragon 6 Gen 1 with 560k+ AnTuTu Score | 6000mAh Battery with 7.99mm Slim Design | 44W FlashCharge",11999,4.2,No Reviews
"Samsung Galaxy M06 5G (Blazing Black, 4GB RAM, 128 GB Storage) | MediaTek Dimensity 6300 | AnTuTu Score 422K+ | 12 5G Bands | 25W Fast Charging | 4 Gen. of OS Upgrades | Without Charger",8699,3.7,No Reviews
"Redmi 14C 5G (Starlight Blue, 6GB RAM, 128GB Storage) | Superfast 4nm Snapdragon 4 Gen 2 | 120Hz 17.47cm (6.88”) Display | 5160mAh Battery | 50MP Dual Camera | Premium Starlight Design",11498,3.8,No Reviews
"Samsung Galaxy F05 (Twilight Blue, 64 GB) (4 GB RAM)",6880,3.9,No Reviews
"Samsung Galaxy M06 5G (Blazing Black, 6GB RAM, 128 GB Storage) | MediaTek Dimensity 6300 | AnTuTu Score 422K+ | 12 5G Bands | 25W Fast Charging | 4 Gen. of OS Upgrades | Without Charger",9999,3.7,No Reviews
"Wipro 10A smart plug with Energy monitoring- Suitable for small appliances like TVs, Electric Kettle, Mobile and Laptop Chargers (Works with Alexa and Google Assistant) (DSP1100)",942,4.2,No Reviews
"iQOO Z9 5G (Brushed Green, 8GB RAM, 256GB Storage) | Dimensity 7200 5G Processor | Sony IMX882 OIS Camera | 120Hz AMOLED with 1800 nits Local Peak Brightness | 44W Charger in The Box",17499,4.2,No Reviews
"Wipro 10A Wi-Fi Smart Plug with Universal socket | Energy Monitoring | Suitable for Small Appliances like TVs, Air purifiers, Kettles, Mobiles & Laptops | Scheduling | Voice Control | Pack of 4",3620,4.2,No Reviews
"Nokia All-New 105 Single Sim Keypad Phone with Built-in UPI Payments, Long-Lasting Battery, Wireless FM Radio | Charcoal",1149,4.0,No Reviews
Sounce Shutter Remote Control with Bluetooth Wireless Technology - Create Amazing Photos and Videos Hands-Free - Works with Most Smartphones and Tablets (iOS and Android) (Black),169,4.2,No Reviews
"Redmi Note 14 5G (Phantom Purple, 8GB RAM 256GB Storage) | Global Debut MTK Dimensity 7025 Ultra | 2100 nits Segment Brightest 120Hz AMOLED | 50MP Sony LYT 600 OIS+EIS Triple Camera",20998,3.8,No Reviews
"itel ZENO 10|6.6"" HD+ Display with Dynamic Bar| 3GB RAM + 64GB ROM, Upto 8GB RAM with Memory Fusion|Octacore Processor|8MP AI Dual Rear Cam|5000 mAh Battery | Phantom Crystal",5998,3.7,No Reviews
"Redmi Note 13 5G (Chromatic Purple, 8GB RAM, 256GB Storage)",15499,3.8,No Reviews
"Motorola Edge 50 Fusion 5G (Hot Pink, 12GB RAM, 256GB Storage)",23274,4.0,No Reviews
HUMBLE Universal Light Weight Stylus Pen for Smartphone/Tablet/iPad/iPhone/Android & All Touch Screen Devices with Fine Point Disc Tip & Magnetic Cap | Precise Tip for Drawing and Writing - Black,249,5.0,No Reviews
"Samsung Galaxy M16 5G (Mint Green, 6GB RAM, 128 GB Storage) | MediaTek Dimensity 6300 | AnTuTu Score 422K+ | Super Amoled Display | 25W Fast Charging | 6 Gen. of OS Upgrades | Without Charger",12998,3.6,No Reviews
"OnePlus Nord CE4 Lite 5G (Ultra Orange, 8GB RAM, 128GB Storage)",17998,4.1,No Reviews
POCO M6 Plus 5G Misty Lavender 6GB RAM 128GB ROM,9999,3.7,No Reviews
Qubo Smart 360 2K 3MP 1296p WiFi CCTV Security Camera from Hero Group | Mobile App | Two Way Talk | Night Vision | Cloud & SD Card Recording | Made in India | Alexa & OK Google | (3MP),1490,3.8,No Reviews
"SpinBot IceDot Mag v1 Magnetic Semiconductor Mobile Cooler | Smart AI,L1,L2 Mode for Temperature Control |15W Freeze Cooling | for iPhone 12/13/14/15/16, iPads and Android Smartphones (Black)",1549,3.8,No Reviews
"iQOO Z9s 5G (Onyx Green, 8GB RAM, 256GB Storage) | 120 Hz 3D Curved AMOLED Display | 5500 mAh Ultra-Thin Battery | Dimesity 7300 5G Processor | Sony IMX882 OIS Camera with Aura Light",21999,4.3,No Reviews
"Redmi A4 5G (Sparkle Purple, 4GB RAM, 64GB Storage) | Global Debut SD 4s Gen 2 | Segment Largest 6.88in 120Hz | 50MP Dual Camera | 18W Fast Charging",8499,4.0,No Reviews
"iQOO Z9x 5G (Tornado Green, 6GB RAM, 128GB Storage) | Snapdragon 6 Gen 1 with 560k+ AnTuTu Score | 6000mAh Battery with 7.99mm Slim Design | 44W FlashCharge",11999,4.2,No Reviews
"Redmi Note 14 5G (Phantom Purple, 8GB RAM 256GB Storage) | Global Debut MTK Dimensity 7025 Ultra | 2100 nits Segment Brightest 120Hz AMOLED | 50MP Sony LYT 600 OIS+EIS Triple Camera",20998,3.8,No Reviews
"ELV Aluminum Adjustable Mobile Phone Foldable Holder Tabletop Stand, Dock Mount for All Smartphones, Tabs, Kindle, iPad (Black)",299,4.5,No Reviews
"Samsung Galaxy S24 Plus 5G AI Smartphone (Cobalt Violet, 12GB, 256GB Storage)",55400,3.9,No Reviews
"Crossbeats Lumex Smart Projector 4k Ultra HD| Mini Projector for Room Support 1080P |Upto 14000 Lumens Android 13 Built-in Netflix, Prime, YouTube Portable Design 720P, Speaker WiFi 300"" Wide Display",9998,4.3,No Reviews
"Samsung Galaxy M16 5G (Thunder Black, 8GB RAM, 128 GB Storage) | MediaTek Dimensity 6300 | AnTuTu Score 422K+ | Super Amoled Display | 25W Fast Charging | 6 Gen. of OS Upgrades | Without Charger",14498,3.6,No Reviews
"Nokia All-New 105 Single Sim Keypad Phone with Built-in UPI Payments, Long-Lasting Battery, Wireless FM Radio | Red",1198,4.0,No Reviews
"amazon basics Multi Angle Desktop Foldable Stand Tablet/Mobile Stand Holder for iPhone, Android, Samsung, OnePlus, Xiaomi, Smartphones. Portable, for Your Bed,Home, Office, Home (Black)",99,4.3,No Reviews
"OnePlus Nord CE4 Lite 5G (Mega Blue, 8GB RAM, 128GB Storage)",17998,4.1,No Reviews
Mini Smartphone IR Remote Controller Adapter Type C 5th Gen (2023) for Android Mobile Mini Infrared Universal Control All in One Air Conditioner/TV/DVD/STB(Not for i-Phone 15) (Type-C),799,3.8,No Reviews
"Samsung Galaxy M06 5G (Sage Green, 6GB RAM, 128 GB Storage) | MediaTek Dimensity 6300 | AnTuTu Score 422K+ | 12 5G Bands| 25W Fast Charging | 4 Gen. of OS Upgrades | Without Charger",9999,3.7,No Reviews
"Redmi A4 5G (Starry Black, 4GB RAM, 128GB Storage) | Global Debut SD 4s Gen 2 | Segment Largest 6.88in 120Hz | 50MP Dual Camera | 18W Fast Charging",9499,4.0,No Reviews
360° Rotating Bike Mobile Holder C1 Bike Mobile Stand Secure & Convenient Phone to Any Angle for Easy Navigation Fits for All Smartphones Black,199,No Rating,No Reviews
"HealthSense Bluetooth BMI Weight Machine For Body Weight, Digital Body Fat Analyzer & Smart Body Composition Scale With Mobile App, 12 Body Parameters, LED Display & 1 Year Warranty-BS161, 150Kg",999,4.3,No Reviews
"itel P55 5G | 4GB RAM+64GB ROM, Upto 8GB RAM with Memory Fusion| 50MP AI Dual Rear Camera| 5000mAh Battery with 18W Type-C Fast Charging | Dimensity 6080| Mint Green",8499,4.0,No Reviews
"Samsung Galaxy M16 5G (Thunder Black, 6GB RAM, 128 GB Storage) | MediaTek Dimensity 6300 | AnTuTu Score 422K+ | Super Amoled Display | 25W Fast Charging | 6 Gen. of OS Upgrades | Without Charger",12998,3.6,No Reviews
Dyazo Aluminum Super Light Weight Capacitive Stylus Pen for Touch Screen Devices with Fine Point Disc Compatible with All iOS and Smart Android Phone & Tablets Non Magnetic (White),249,3.9,No Reviews
"D-Link 20W Dual Port Fast Charger Type-C & USB-A for All Mobiles Phones, Tablets, Power Banks, Smart Watches, Earbuds Etc. Bis Certified, Compact Size & Easy to Carry. - White",349,3.9,No Reviews
"Boult Drift+ Smart Watch 1.85''HD Screen, Bluetooth Calling, IP68, 500 Nits Brightness,150+ Watchfaces, AI Voice Assistant, SpO2 Monitoring, 100+ Sports Mode Smartwatch (Black Coffee)",1199,4.1,No Reviews
2 in 1 Universal Stylus Pen with Fine Point Disc Tip+ Rubber Fiber Tip| for Smartphone/Tablet/iPad/Pro/Air/iPhone/iOS/Android/All Touch Screens| Aluminum Body (Black),229,4.5,No Reviews
"Samsung Galaxy S24 Ultra 5G AI Smartphone (Titanium Black, 12GB, 256GB Storage)",93999,4.0,No Reviews
"iQOO Z9s 5G (Onyx Green, 8GB RAM, 256GB Storage) | 120 Hz 3D Curved AMOLED Display | 5500 mAh Ultra-Thin Battery | Dimesity 7300 5G Processor | Sony IMX882 OIS Camera with Aura Light",21999,4.3,No Reviews
"iQOO Z9x 5G (Tornado Green, 6GB RAM, 128GB Storage) | Snapdragon 6 Gen 1 with 560k+ AnTuTu Score | 6000mAh Battery with 7.99mm Slim Design | 44W FlashCharge",11999,4.2,No Reviews
"Redmi Note 14 5G (Titan Black, 6GB RAM 128GB Storage) | Global Debut MTK Dimensity 7025 Ultra | 2100 nits Segment Brightest 120Hz AMOLED | 50MP Sony LYT 600 OIS+EIS Triple Camera",17998,3.8,No Reviews
"Redmi A2 (Aqua Blue, 2GB RAM, 64GB Storage)",8999,4.0,No Reviews
"Samsung Galaxy S24 Plus 5G AI Smartphone (Cobalt Violet, 12GB, 256GB Storage)",55400,3.9,No Reviews
"LIRAMARK Mobile Phone Charging Stand, Storage Holder, Bedside Fixed Rack, Home Organization and Storage Supplies, Bedroom Accessories, Office Accessories, Bathroom Accessories (Pack of 1)",99,3.9,No Reviews
"Kratos 65"" Selfie Stick Tripod with Reinforced 4-Leg Tripod Stand Comes with 360° Rotatable Handle for Panoramic Shots with Detachable BT. Ultimate Stability for Smartphones, Ring Lights, GoPro",1599,4.8,No Reviews
2 PCS Stylus Pen Touch Pen for Android Smart Pen with Two Sizes Tablet Pen with Replaceable Pen Tips(Works on Most Screens),238,3.5,No Reviews
Godrej Smart Lock I Catus Connect I Digital Lock for Wooden Door | 5 in 1 Access I WiFi I Fingerprint I RFID Card I PIN Access I Mechanical Key I 3 Strong Locking Dead Bolts I Champagne Gold,14719,4.5,No Reviews
"Portronics Lumistick 2 Portable Smart Selfie Stick with Upto 6ft. Tripod Stand, 3 in 1 Multifunctional Design, Detachable Bluetooth Remote Compatible for iPhone/Android, Best for Vlogging/Photo Shoot",1429,4.4,No Reviews
"LRIPL 5V 1A Mobile Charger Adapter Wall Charger | USB Power Adaptor |5W Wall Charger Compatible with Smartphones, Headphones, Speaker and Many deivces (Without Data Cable)",249,5.0,No Reviews
"Redmi A4 5G (Starry Black, 4GB RAM, 128GB Storage) | Global Debut SD 4s Gen 2 | Segment Largest 6.88in 120Hz | 50MP Dual Camera | 18W Fast Charging",9499,4.0,No Reviews
"iQOO Z9s 5G (Onyx Green, 8GB RAM, 256GB Storage) | 120 Hz 3D Curved AMOLED Display | 5500 mAh Ultra-Thin Battery | Dimesity 7300 5G Processor | Sony IMX882 OIS Camera with Aura Light",21999,4.3,No Reviews
"Tukzer Universal Stylus Pen for Smartphone/Tablet/iPad/Pro/Air/iPhone/iOS/Android/All Touch Screens Devices| Fine Point Disc Tip, Lightweight Aluminum Body Magnetic Cap Drawing Writing (Black)",259,3.8,No Reviews
"JioPhone Prima 2 4G Keypad Phone with Premium Design, YouTube, JioTV, JioHotstar, JioSaavn, JioPay(UPI), Video Calling, LED Torch, Digital Cameras | Black | Locked for JioNetwork",2799,3.2,No Reviews
"Ambrane Mobile Holding Tabletop Stand, 0-135 Perfect View, Height Adjustment, Wide Compatibility, Multipurpose, Anti-Skid Design (Twistand, Black)",199,4.0,No Reviews
"Smart Projector for Home 4K Support, Native 720p HD Resolution, 2500 Lumen, Rotabable Design, Speaker, Android 11 with Built-in Apps (Netflix, Prime, YouTube) WiFi, 100''Max Display",3299,3.9,No Reviews
"wipro 9-Watt B22 WiFi Smart LED Bulb with Music Sync (16 Million Colours + Warm White/Neutral White/White) (Compatible with Amazon Alexa and Google Assistant), Standard (NS9400)(Pack of 1)",589,4.1,No Reviews
POCO M6 Plus 5G Misty Lavender 6GB RAM 128GB ROM,9999,3.7,No Reviews
CEZO USB Charger USB Charging Station with Rapid Charging Auto Detect Technology Safety Guaranteed 10-Port Family-Sized Smart USB Ports for Multiple Devices Smart Phone Tablet Laptop Computer,948,4.0,No Reviews
"HomeMate® Wi-Fi Smart IR Control Hub (Pack of 1) | Smart Air Conditioner Remote | Compatible with Alexa, Google Home | All in One Infrared Remote for Smart Home | Black",978,3.6,No Reviews
"Samsung Galaxy M06 5G (Blazing Black, 4GB RAM, 128 GB Storage) | MediaTek Dimensity 6300 | AnTuTu Score 422K+ | 12 5G Bands | 25W Fast Charging | 4 Gen. of OS Upgrades | Without Charger",8699,3.7,No Reviews
"Samsung Galaxy S24 Ultra 5G AI Smartphone (Titanium Violet, 12GB, 256GB Storage)",93950,4.0,No Reviews
"iQOO Z9x 5G (Tornado Green, 6GB RAM, 128GB Storage) | Snapdragon 6 Gen 1 with 560k+ AnTuTu Score | 6000mAh Battery with 7.99mm Slim Design | 44W FlashCharge",11999,4.2,No Reviews
"iQOO Z9s 5G (Onyx Green, 8GB RAM, 256GB Storage) | 120 Hz 3D Curved AMOLED Display | 5500 mAh Ultra-Thin Battery | Dimesity 7300 5G Processor | Sony IMX882 OIS Camera with Aura Light",21999,4.3,No Reviews
"boAt Lunar Discovery w/ 1.39"" (3.5 cm) HD Display, Turn-by-Turn Navigation, DIY Watch Face Studio, Bluetooth Calling, Emergency SOS, QR Tray, Smart Watch for Men & Women(Active Black)",1499,3.9,No Reviews
"SanDisk Ultra 128GB microSDXC UHS-I, 140MB/s R, Memory Card, 10 Y Warranty, for Smartphones",1049,4.4,No Reviews
"R1 Bluetooth Selfie Stick with Wireless Remote,Tripod and Mobile Stand 3-in-1 Multifuctional Design Selfie Stick with Tripod Stand Compatible with All iPhone and Smart Mobile Phones (Black)",249,No Rating,No Reviews
CEZO USB Charger USB Charging Station with Rapid Charging Auto Detect Technology Safety Guaranteed 10-Port Family-Sized Smart USB Ports for Multiple Devices Smart Phone Tablet Laptop Computer,948,4.0,No Reviews
"Amazon Basics 3110 Aluminium Lightweight Tripod with Mobile Phone Holder Mount & Carry Bag for All Smartphone, GoPro, Cameras",329,3.4,No Reviews
"Portronics 80W Dual Output Fast Car Charger with Type-C PD & USB, LED Indicator, Charging Adapter Compatible with Cars for iPhone & Android Smartphone, Smartwatch, Earbud, Power Bank (Black)",431,4.4,No Reviews
"Portronics Lumistick 2 Portable Smart Selfie Stick with Upto 6ft. Tripod Stand, 3 in 1 Multifunctional Design, Detachable Bluetooth Remote Compatible for iPhone/Android, Best for Vlogging/Photo Shoot",1429,4.4,No Reviews
"wipro 9-Watt B22 WiFi Smart LED Bulb with Music Sync (16 Million Colours + Warm White/Neutral White/White) (Compatible with Amazon Alexa and Google Assistant), Standard (NS9400)(Pack of 1)",589,4.1,No Reviews
"Redmi Note 14 5G (Phantom Purple, 8GB RAM 256GB Storage) | Global Debut MTK Dimensity 7025 Ultra | 2100 nits Segment Brightest 120Hz AMOLED | 50MP Sony LYT 600 OIS+EIS Triple Camera",20998,3.8,No Reviews
"itel ZENO 10|6.6"" HD+ Display with Dynamic Bar| 3GB RAM + 64GB ROM, Upto 8GB RAM with Memory Fusion|Octacore Processor|8MP AI Dual Rear Cam|5000 mAh Battery | Phantom Crystal",5998,3.7,No Reviews
"SanDisk Ultra 64GB microSDXC UHS-I, 140MB/s R, Memory Card, 10 Y Warranty, for Smartphones",549,4.4,No Reviews
"Handsfree Call Car Charger,Wireless Bluetooth FM Transmitter Radio Receiver,Mp3 Audio Music Stereo Adapter,Dual USB Port Charger Compatible for All Smartphones",360,2.1,No Reviews
"WZATCO Yuva Go Android 13.0 Smart Projector, 2X Brighter, 1080P & 4K Support, Rotatable Design, Auto & 4D Keystone with Netflix, Prime etc, WiFi 6 & BT, Screen Mirroring, ARC, 720P Native, White",6989,4.2,No Reviews
"DIGITEK® (DTR-555 SS) 5.57ft Foldable Tripod Selfie Stick for Smartphones & Gopro Action Cameras, 360° Rotation, 3-Leg Base, 2Kg Load, 10m Wireless Remote, 7 Section Adjustable, for Selfie & Vloggers",1099,3.1,No Reviews
"Noise Pulse Go Buzz Smart Watch with Advanced Bluetooth Calling, 1.69"" TFT Display, SpO2, 100 Sports Mode with Auto Detection, Upto 7 Days Battery (2 Days with Heavy Calling) - Jet Black",1099,4.0,No Reviews
Inktree Back Cover Case for Infinix Smart 8 HD/Infinix Smart 8 HD Back Cover (Carbon Fibre Rugged Armour Black Colour),99,4.2,No Reviews
"MEDITIVE Bluetooth Digital BMI Weight Scale with Body Fat Analyzer and Fitness Body Composition Monitor, with Mobile App, 180 KG",949,4.5,No Reviews
"ELV Aluminium Adjustable Mobile Phone Foldable Holder Tabletop Stand, Dock Mount for All Smartphones, Tabs, Kindle, iPad, Moonlight Silver",349,4.5,No Reviews
"Redmi A4 5G (Sparkle Purple, 4GB RAM, 64GB Storage) | Global Debut SD 4s Gen 2 | Segment Largest 6.88in 120Hz | 50MP Dual Camera | 18W Fast Charging",8499,4.0,No Reviews
"Samsung Galaxy M06 5G (Sage Green, 6GB RAM, 128 GB Storage) | MediaTek Dimensity 6300 | AnTuTu Score 422K+ | 12 5G Bands| 25W Fast Charging | 4 Gen. of OS Upgrades | Without Charger",9999,3.7,No Reviews
